<?xml version='1.0' encoding='utf-8'?>

<!DOCTYPE hibernate-configuration PUBLIC 
"-//Hibernate/Hibernate Configuration DTD 3.0//EN" 
"http://hibernate.sourceforge.net/hibernate-configuration-3.0.dtd">

<hibernate-configuration>
<session-factory name="">
	<property name="hibernate.connection.driver_class">oracle.jdbc.driver.OracleDriver</property>
	<property name="hibernate.connection.username">er722242</property>
    <property name="hibernate.connection.password">infy</property>
    <property name="hibernate.connection.url">jdbc:oracle:thin:@10.123.79.58:1521:georli03</property>
    <property name="hibernate.dialect">org.hibernate.dialect.Oracle10gDialect</property> 
    
    <mapping class="com.infy.entity.FlightEntity"/>
    <mapping class="com.infy.entity.FlightScheduleEntity"/>
    
     
    <!-- <property name="transaction.factory_class">org.hibernate.transaction.JDBCTransactionFactory</property> -->
    
    <!-- Automatic schema creation (begin) === -->      
    <!-- <property name="hibernate.hbm2ddl.auto">none</property> 
    
    Simple memory-only cache
    <property name="hibernate.cache.provider_class">org.hibernate.cache.HashtableCacheProvider</property>

     Enable Hibernate's automatic session context management
     <property name="current_session_context_class">thread</property>   -->
 
    
    
 	
</session-factory>
</hibernate-configuration>