<?xml version="1.0" encoding="UTF-8"?>
<!DOCTYPE log4j:configuration SYSTEM "log4j.dtd" >

<log4j:configuration debug="false">

        <appender name="ERROR_LOG_FILE" class="org.apache.log4j.FileAppender">
              <param name="File" value="${user.home}/Desktop/Logs/ErrorLog.log" />
              <param name="Append" value="true" />
              <layout class="org.apache.log4j.PatternLayout">
                     <param name="ConversionPattern"
                           value="%d{yyyy-MM-dd hh:mm:ss,SSS}  %5p [%t] %c [%M] - %m%n" />
              </layout>
       </appender>
       
   		<logger name="com.infy">
              <level value="all" />
              <appender-ref ref="ERROR_LOG_FILE" />
       </logger>
       
</log4j:configuration> 
